"餐廳名稱","Google評分","評論數","門檻組別","核對日期"
"Pizza 4P’s·アクセスしたリンク","4.9","12401","4.8+／亦屬4.7+","2026-08-18"
"Nhà hàng Nhà Gỗ Việt Đà Nẵng","4.9","6745","4.8+／亦屬4.7+","2026-08-18"
"All Seasons Buffet Da Nang","4.9","5485","4.8+／亦屬4.7+","2026-08-18"
"Nhà hàng Làn Gió","4.9","4640","4.8+／亦屬4.7+","2026-08-18"
"Vietnam Daily Cuisine","4.9","2900","4.8+／亦屬4.7+","2026-08-18"
"Gypsy Rooftop Restaurant & Bar","4.9","2443","4.8+／亦屬4.7+","2026-08-18"
"Bistecca - Italian Restaurant in Da Nang","4.9","2207","4.8+／亦屬4.7+","2026-08-18"
"Hùng 68 Restaurant - Food and Drink","4.9","1988","4.8+／亦屬4.7+","2026-08-18"
"Hoang’s Kitchen Đà Nẵng- Vietnamese & Vegan Food","4.9","1960","4.8+／亦屬4.7+","2026-08-18"
"NGON DA NANG - VIETNAMESE CUISINE RESTAURANT","4.9","1889","4.8+／亦屬4.7+","2026-08-18"
"Vietnom Local Eatery","4.9","1731","4.8+／亦屬4.7+","2026-08-18"
"Riverside Terrace Restaurant","4.9","1466","4.8+／亦屬4.7+","2026-08-18"
"Cá Gỗ Vietnamese Restaurant","4.9","1454","4.8+／亦屬4.7+","2026-08-18"
"MAMA MASALA INDIAN CUISINE Da Nang","4.9","880","4.8+／亦屬4.7+","2026-08-18"
"자갈집 Gravel House BBQ Restaurant Da Nang","4.9","816","4.8+／亦屬4.7+","2026-08-18"
"ClayPot Bar and Restaurant","4.9","628","4.8+／亦屬4.7+","2026-08-18"
"Ky Vat - Vietnamese Restaurant","4.9","603","4.8+／亦屬4.7+","2026-08-18"
"Nhà hàng Thiên Kim","4.8","12439","4.8+／亦屬4.7+","2026-08-18"
"Thèm Hải Sản","4.8","10522","4.8+／亦屬4.7+","2026-08-18"
"Nhà Bếp Xưa Restaurant","4.8","9009","4.8+／亦屬4.7+","2026-08-18"
"バーガーハウスダナン","4.8","7622","4.8+／亦屬4.7+","2026-08-18"
"Miss NHI","4.8","6867","4.8+／亦屬4.7+","2026-08-18"
"Nhà hàng NHÀ BẾP CHỢ HÀN","4.8","6702","4.8+／亦屬4.7+","2026-08-18"
"MAAZI Da Nang","4.8","4516","4.8+／亦屬4.7+","2026-08-18"
"LoCo Restaurant - Danang Seafood Restaurant - 다낭 레스토랑","4.8","4078","4.8+／亦屬4.7+","2026-08-18"
"Nhà An - Vietnamese local food restaurant and vegan","4.8","3462","4.8+／亦屬4.7+","2026-08-18"
"EMO'S HOMECOOKED VIETNAMESE CUISINE","4.8","3199","4.8+／亦屬4.7+","2026-08-18"
"BHOJAN INDIAN RESTAURANT","4.8","2796","4.8+／亦屬4.7+","2026-08-18"
"Butcher Steak","4.8","2631","4.8+／亦屬4.7+","2026-08-18"
"Bếp Lụa vietnamese restaurant ( 볩루아 베트남식당 )","4.8","2263","4.8+／亦屬4.7+","2026-08-18"
"Nazaare- Indian beach restaurant and bar","4.8","2019","4.8+／亦屬4.7+","2026-08-18"
"Rainbowl Poke","4.8","1679","4.8+／亦屬4.7+","2026-08-18"
"Nhà hàng Mr.Anh","4.8","1529","4.8+／亦屬4.7+","2026-08-18"
"MiRi Hôm Vietnamese Cuisine","4.8","1320","4.8+／亦屬4.7+","2026-08-18"
"MANVAR Rasoi Indian Restaurant","4.8","1083","4.8+／亦屬4.7+","2026-08-18"
"Sky View Restaurant","4.8","917","4.8+／亦屬4.7+","2026-08-18"
"Vị brewhouse -xưởng Bia thủ công Đà Nẵng - Craft beer & Restaurant (베트남식당) -","4.8","627","4.8+／亦屬4.7+","2026-08-18"
"DOM Bistro","4.8","623","4.8+／亦屬4.7+","2026-08-18"
"Maia Beach Bar","4.7","5159","4.7+ only","2026-08-18"
"Gujarat Indian Restaurant Da nang","4.7","4851","4.7+ only","2026-08-18"
"マハラジャ インディアン レストラン","4.7","4331","4.7+ only","2026-08-18"
"Quán Hải Sản Thời Cổ Đà Nẵng - Seafood Restaurant","4.7","3829","4.7+ only","2026-08-18"
"Doc moc buffet","4.7","3292","4.7+ only","2026-08-18"
"Rasoi Indian","4.7","2815","4.7+ only","2026-08-18"
"L'Italiano Restaurant Danang","4.7","2671","4.7+ only","2026-08-18"
"Hang Ganh","4.7","2520","4.7+ only","2026-08-18"
"Indian Ganga Dining & Lounge Da Nang - Indian Restaurant","4.7","2195","4.7+ only","2026-08-18"
"The View - Yacht Restaurant Da Nang","4.7","1985","4.7+ only","2026-08-18"
"Banh Xeo CUOI Restaurant 01 - Vietnamese Restaurants Đà Nẵng","4.7","1725","4.7+ only","2026-08-18"
"Irini - Greek Restaurant","4.7","1678","4.7+ only","2026-08-18"
"Epic Vietnamese Bistro","4.7","1668","4.7+ only","2026-08-18"
"Cơm lâuphai (lâu phai) - Hue Traditional Restaurant","4.7","1655","4.7+ only","2026-08-18"
"トリノ レストラン＆ベーカリー","4.7","1224","4.7+ only","2026-08-18"
"The Nomad Kitchen","4.7","1211","4.7+ only","2026-08-18"
"Lua Viet Restaurant - Vietnamese Cuisine 루아비엣 레스토랑 (베트남 전통 음식 /ベトナムの伝統料理 /越南传统美食 )","4.7","1092","4.7+ only","2026-08-18"
"Patakka","4.7","1050","4.7+ only","2026-08-18"
"Sofia Local Restaurant Danang – Việt Cuisine","4.7","838","4.7+ only","2026-08-18"
"Bladi Da Nang","4.7","726","4.7+ only","2026-08-18"
"Casa Loco Da Nang - Mexican Restaurant (3rd location)","4.7","706","4.7+ only","2026-08-18"
"Citron","4.7","694","4.7+ only","2026-08-18"
"LANG CUA Seafood","4.7","603","4.7+ only","2026-08-18"
