餐廳名稱,地址,圖標類型,Google評分,Google評論數,餐廳簡介,人均消費（VND）,人均消費（HKD）,餐廳名物,Google Maps,篩選條件,核對日期,價格備註
Pizza 4P’s,"74 Bạch Đằng, Hải Châu, Đà Nẵng, Vietnam",🇮🇹 意大利菜,4.9,12401,人氣極高的日越風格薄餅餐廳，以自家製芝士和開放式烤爐見稱。,"₫200,000–700,000",約 HK$60–209,自家製 Burrata、Half-half Pizza、Margherita Pizza,https://www.google.com/maps/search/?api=1&query=Pizza+4P%E2%80%99s+Da+Nang,非 Michelin；Google 評論 500+；評分 4.8+；非素食專門店,2026-08-18,Google Maps 使用者回報區間；未含酒水，海鮮或特殊食材或按重量／時價
Nhà hàng Nhà Gỗ Việt Đà Nẵng,"49 Nguyễn Thái Học, Hải Châu, Đà Nẵng, Vietnam",🇻🇳 越南菜,4.9,6745,木屋風格的越南菜餐廳，適合多人分享中部及經典越南菜。,"₫100,000–300,000",約 HK$30–90,Bánh xèo、越式春卷、越南家常菜拼盤,https://www.google.com/maps/search/?api=1&query=Nh%C3%A0+h%C3%A0ng+Nh%C3%A0+G%E1%BB%97+Vi%E1%BB%87t+%C4%90%C3%A0+N%E1%BA%B5ng+Da+Nang,非 Michelin；Google 評論 500+；評分 4.8+；非素食專門店,2026-08-18,Google Maps 使用者回報區間；未含酒水，海鮮或特殊食材或按重量／時價
All Seasons Buffet Da Nang,"193 Nguyễn Văn Thoại, Ngũ Hành Sơn, Đà Nẵng, Vietnam",🍱 自助餐,4.9,5486,大型自助餐餐廳，主打海鮮、燒烤、熱盤及甜品，適合想一次試多款食物。,"₫1,000,000 以上",約 HK$299 以上,海鮮自助餐、即燒肉類、甜品區,https://www.google.com/maps/search/?api=1&query=All+Seasons+Buffet+Da+Nang+Da+Nang,非 Michelin；Google 評論 500+；評分 4.8+；非素食專門店,2026-08-18,Google Maps 使用者回報區間；未含酒水，海鮮或特殊食材或按重量／時價
Nhà hàng Làn Gió,"169 Trần Phú, Hải Châu, Đà Nẵng, Vietnam",🦐 海鮮,4.9,4641,市中心越南海鮮餐廳，菜式選擇廣，適合多人共享。,"₫200,000–700,000",約 HK$60–209,蒜油蟶子、海鮮菜式、Bánh xèo,https://www.google.com/maps/search/?api=1&query=Nh%C3%A0+h%C3%A0ng+L%C3%A0n+Gi%C3%B3+Da+Nang,非 Michelin；Google 評論 500+；評分 4.8+；非素食專門店,2026-08-18,Google Maps 使用者回報區間；未含酒水，海鮮或特殊食材或按重量／時價
Vietnam Daily Cuisine,"10 An Thượng 29, Ngũ Hành Sơn, Đà Nẵng, Vietnam",🇻🇳 越南菜,4.9,2900,旅客區內的越南料理店，環境容易入門，供應多款經典越南菜。,"₫100,000–200,000",約 HK$30–60,牛肉河粉、香脆春卷、蛋咖啡,https://www.google.com/maps/search/?api=1&query=Vietnam+Daily+Cuisine+Da+Nang,非 Michelin；Google 評論 500+；評分 4.8+；非素食專門店,2026-08-18,Google Maps 使用者回報區間；未含酒水，海鮮或特殊食材或按重量／時價
Gypsy Rooftop Restaurant & Bar,"20 Đống Đa, Hải Châu, Đà Nẵng, Vietnam",🌇 Rooftop／景觀餐廳,4.9,2443,位於高層的現代餐廳及酒吧，以城市景觀、精緻餐飲和調酒為賣點。,"₫1,000,000 以上",約 HK$299 以上,季節性主廚菜單、扒類、招牌調酒,https://www.google.com/maps/search/?api=1&query=Gypsy+Rooftop+Restaurant+%26+Bar+Da+Nang,非 Michelin；Google 評論 500+；評分 4.8+；非素食專門店,2026-08-18,Google Maps 使用者回報區間；未含酒水，海鮮或特殊食材或按重量／時價
Bistecca - Italian Restaurant in Da Nang,"20 Đống Đa, Hải Châu, Đà Nẵng, Vietnam",🇮🇹 意大利菜,4.9,2207,酒店內意大利餐廳，主打扒類、意粉和經典西式菜。,Google Maps 未提供公開人均區間,Google Maps 未提供公開人均區間,牛扒、意粉、意式薄餅,https://www.google.com/maps/search/?api=1&query=Bistecca+-+Italian+Restaurant+in+Da+Nang+Da+Nang,非 Michelin；Google 評論 500+；評分 4.8+；非素食專門店,2026-08-18,未自行估價；請查看餐廳最新菜單
Hùng 68 Restaurant - Food and Drink,"110 Trường Sa, Ngũ Hành Sơn, Đà Nẵng, Vietnam",🇻🇳 越南菜,4.9,1988,近海邊的親民越南家常菜餐廳，價格較容易控制。,"₫100,000 以下",約 HK$30 以下,越南家常小炒、麵食、海鮮菜式,https://www.google.com/maps/search/?api=1&query=H%C3%B9ng+68+Restaurant+-+Food+and+Drink+Da+Nang,非 Michelin；Google 評論 500+；評分 4.8+；非素食專門店,2026-08-18,Google Maps 使用者回報區間；未含酒水，海鮮或特殊食材或按重量／時價
Hoang’s Kitchen Đà Nẵng - Vietnamese & Vegan Food,"40 Hà Bổng, An Hải, Đà Nẵng, Vietnam",🇻🇳 越南菜,4.9,1960,同時供應傳統越南菜及純素選項的混合餐廳，並非素食專門店。,"₫100,000–300,000",約 HK$30–90,Bánh xèo、河粉、越式春卷、純素選項,https://www.google.com/maps/search/?api=1&query=Hoang%E2%80%99s+Kitchen+%C4%90%C3%A0+N%E1%BA%B5ng+-+Vietnamese+%26+Vegan+Food+Da+Nang,非 Michelin；Google 評論 500+；評分 4.8+；非素食專門店,2026-08-18,Google Maps 使用者回報區間；未含酒水，海鮮或特殊食材或按重量／時價
NGON DA NANG - VIETNAMESE CUISINE RESTAURANT,"88B Lê Quang Đạo, Ngũ Hành Sơn, Đà Nẵng, Vietnam",🇻🇳 越南菜,4.9,1889,近美溪海灘的現代越南菜餐廳，環境舒適，菜式涵蓋多個地區。,"₫100,000–600,000",約 HK$30–179,河粉、烤海鮮、鮮春卷、Bánh xèo,https://www.google.com/maps/search/?api=1&query=NGON+DA+NANG+-+VIETNAMESE+CUISINE+RESTAURANT+Da+Nang,非 Michelin；Google 評論 500+；評分 4.8+；非素食專門店,2026-08-18,Google Maps 使用者回報區間；未含酒水，海鮮或特殊食材或按重量／時價
Vietnom Local Eatery,"97 Mai Thúc Lân, Ngũ Hành Sơn, Đà Nẵng, Vietnam",🇻🇳 越南菜,4.9,1731,現代小館形式的越南菜餐廳，擺盤較精緻，蔬菜比例高。,"₫100,000–200,000",約 HK$30–60,越式春卷、米紙卷、越南家常菜,https://www.google.com/maps/search/?api=1&query=Vietnom+Local+Eatery+Da+Nang,非 Michelin；Google 評論 500+；評分 4.8+；非素食專門店,2026-08-18,Google Maps 使用者回報區間；未含酒水，海鮮或特殊食材或按重量／時價
Riverside Terrace Restaurant,"493 Trần Hưng Đạo, Sơn Trà, Đà Nẵng, Vietnam",🇮🇹 意大利菜,4.9,1466,河畔露台餐廳，以意大利及西式菜配合河景，適合晚餐。,"₫200,000–600,000",約 HK$60–179,意粉、薄餅、烤海鮮,https://www.google.com/maps/search/?api=1&query=Riverside+Terrace+Restaurant+Da+Nang,非 Michelin；Google 評論 500+；評分 4.8+；非素食專門店,2026-08-18,Google Maps 使用者回報區間；未含酒水，海鮮或特殊食材或按重量／時價
Cá Gỗ Vietnamese Restaurant,"278 Võ Nguyên Giáp, Ngũ Hành Sơn, Đà Nẵng, Vietnam",🇻🇳 越南菜,4.9,1454,海邊一帶的越南菜餐廳，菜單橫跨越南北中南風味。,"₫100,000–300,000",約 HK$30–90,越南三地家常菜、Bánh xèo、烤魚,https://www.google.com/maps/search/?api=1&query=C%C3%A1+G%E1%BB%97+Vietnamese+Restaurant+Da+Nang,非 Michelin；Google 評論 500+；評分 4.8+；非素食專門店,2026-08-18,Google Maps 使用者回報區間；未含酒水，海鮮或特殊食材或按重量／時價
MAMA MASALA INDIAN CUISINE Da Nang,"376 Trần Hưng Đạo, Sơn Trà, Đà Nẵng, Vietnam",🇮🇳 印度菜,4.9,881,印度菜餐廳，主打香料咖喱、烤爐菜和薄餅。,"₫100,000–200,000",約 HK$30–60,Butter Chicken、Tandoori、Garlic Naan,https://www.google.com/maps/search/?api=1&query=MAMA+MASALA+INDIAN+CUISINE+Da+Nang+Da+Nang,非 Michelin；Google 評論 500+；評分 4.8+；非素食專門店,2026-08-18,Google Maps 使用者回報區間；未含酒水，海鮮或特殊食材或按重量／時價
Gravel House BBQ Restaurant Da Nang,"91 Trần Phú, Hải Châu, Đà Nẵng, Vietnam",🇰🇷 韓式燒肉,4.9,816,韓式燒肉店，以廚房代烤方式減少油煙，鄰近韓市場。,"₫200,000–800,000",約 HK$60–239,韓式五花腩、豬頸肉、韓式小菜及湯飯,https://www.google.com/maps/search/?api=1&query=Gravel+House+BBQ+Restaurant+Da+Nang+Da+Nang,非 Michelin；Google 評論 500+；評分 4.8+；非素食專門店,2026-08-18,Google Maps 使用者回報區間；未含酒水，海鮮或特殊食材或按重量／時價
ClayPot Bar and Restaurant,"32 Võ Nghĩa, Sơn Trà, Đà Nẵng, Vietnam",🇻🇳 越南菜,4.9,628,結合越南菜與酒吧氣氛的餐廳，營業至較夜時間。,"₫100,000–300,000",約 HK$30–90,Bún chả、砂鍋菜、越南小食,https://www.google.com/maps/search/?api=1&query=ClayPot+Bar+and+Restaurant+Da+Nang,非 Michelin；Google 評論 500+；評分 4.8+；非素食專門店,2026-08-18,Google Maps 使用者回報區間；未含酒水，海鮮或特殊食材或按重量／時價
Ky Vat - Vietnamese Restaurant,"56A Lê Hồng Phong, Hải Châu, Đà Nẵng, Vietnam",🇻🇳 越南菜,4.9,603,市中心較精緻的越南料理店，適合想在舒適環境試本地菜。,Google Maps 未提供公開人均區間,Google Maps 未提供公開人均區間,越南地方菜、米紙卷、季節性菜式,https://www.google.com/maps/search/?api=1&query=Ky+Vat+-+Vietnamese+Restaurant+Da+Nang,非 Michelin；Google 評論 500+；評分 4.8+；非素食專門店,2026-08-18,未自行估價；請查看餐廳最新菜單
Nhà hàng Thiên Kim,"166 Bạch Đằng, Hải Châu, Đà Nẵng, Vietnam",🇻🇳 越南菜,4.8,12439,漢江附近的高人氣越南餐廳，菜式廣泛，適合家庭或多人用餐。,"₫100,000–300,000",約 HK$30–90,越南家常菜、炒飯、海鮮菜式,https://www.google.com/maps/search/?api=1&query=Nh%C3%A0+h%C3%A0ng+Thi%C3%AAn+Kim+Da+Nang,非 Michelin；Google 評論 500+；評分 4.8+；非素食專門店,2026-08-18,Google Maps 使用者回報區間；未含酒水，海鮮或特殊食材或按重量／時價
Thèm Hải Sản,"39 Trần Bạch Đằng, Ngũ Hành Sơn, Đà Nẵng, Vietnam",🦐 海鮮,4.8,10521,美溪海灘附近的大型海鮮餐廳，適合多人挑選鮮活海產。,Google Maps 未提供公開人均區間,Google Maps 未提供公開人均區間,燒蝦、貝類、時價鮮活海鮮,https://www.google.com/maps/search/?api=1&query=Th%C3%A8m+H%E1%BA%A3i+S%E1%BA%A3n+Da+Nang,非 Michelin；Google 評論 500+；評分 4.8+；非素食專門店,2026-08-18,未自行估價；請查看餐廳最新菜單
Nhà Bếp Xưa Restaurant,"64 Hà Bổng, Sơn Trà, Đà Nẵng, Vietnam",🇻🇳 越南菜,4.8,9010,人氣越南餐廳，裝潢帶懷舊感，供應旅客易接受的傳統菜。,"₫100,000–200,000",約 HK$30–60,Bánh xèo、越式春卷、河粉,https://www.google.com/maps/search/?api=1&query=Nh%C3%A0+B%E1%BA%BFp+X%C6%B0a+Restaurant+Da+Nang,非 Michelin；Google 評論 500+；評分 4.8+；非素食專門店,2026-08-18,Google Maps 使用者回報區間；未含酒水，海鮮或特殊食材或按重量／時價
Burger House Da Nang,"253 D. Đình Nghệ, An Hải, Đà Nẵng, Vietnam",🍔 漢堡,4.8,7622,專門漢堡店，評論量高，主打足料牛肉漢堡及多款芝士配搭。,"₫100,000–200,000",約 HK$30–60,芝士牛肉漢堡、Blue Cheese Burger、Roast Garlic Burger,https://www.google.com/maps/search/?api=1&query=Burger+House+Da+Nang+Da+Nang,非 Michelin；Google 評論 500+；評分 4.8+；非素食專門店,2026-08-18,Google Maps 使用者回報區間；未含酒水，海鮮或特殊食材或按重量／時價
Miss NHI,"39 An Thượng 30, Ngũ Hành Sơn, Đà Nẵng, Vietnam",🇻🇳 越南菜,4.8,6868,安上區的越南菜餐廳，經典菜及海鮮選擇豐富。,"₫100,000–200,000",約 HK$30–60,椰子炒飯、辣鹽烤蝦、河粉,https://www.google.com/maps/search/?api=1&query=Miss+NHI+Da+Nang,非 Michelin；Google 評論 500+；評分 4.8+；非素食專門店,2026-08-18,Google Maps 使用者回報區間；未含酒水，海鮮或特殊食材或按重量／時價
Nhà hàng NHÀ BẾP CHỢ HÀN,"22 Hùng Vương, Hải Châu, Đà Nẵng, Vietnam",🇻🇳 越南菜,4.8,6702,鄰近韓市場的越南菜餐廳，位置方便，主打價格相對親民的經典菜。,"₫100,000–200,000",約 HK$30–60,Bánh xèo、越式春卷、烤肉米線,https://www.google.com/maps/search/?api=1&query=Nh%C3%A0+h%C3%A0ng+NH%C3%80+B%E1%BA%BEP+CH%E1%BB%A2+H%C3%80N+Da+Nang,非 Michelin；Google 評論 500+；評分 4.8+；非素食專門店,2026-08-18,Google Maps 使用者回報區間；未含酒水，海鮮或特殊食材或按重量／時價
MAAZI Da Nang,"264 Trần Phú, Hải Châu, Đà Nẵng, Vietnam",🇮🇳 印度菜,4.8,4516,市中心印度餐廳及酒吧，咖喱、烤爐菜及素食選項齊全。,"₫100,000–300,000",約 HK$30–90,Butter Chicken、Biryani、Naan,https://www.google.com/maps/search/?api=1&query=MAAZI+Da+Nang+Da+Nang,非 Michelin；Google 評論 500+；評分 4.8+；非素食專門店,2026-08-18,Google Maps 使用者回報區間；未含酒水，海鮮或特殊食材或按重量／時價
LoCo Restaurant - Danang Seafood Restaurant,"1C Lê Duẩn, Hải Châu, Đà Nẵng, Vietnam",🦐 海鮮,4.8,4078,漢江北端附近的越南海鮮餐廳，提供適合分享的拼盤及本地菜。,"₫100,000–600,000",約 HK$30–179,海鮮拼盤、燒海鮮、越南菜拼盤,https://www.google.com/maps/search/?api=1&query=LoCo+Restaurant+-+Danang+Seafood+Restaurant+Da+Nang,非 Michelin；Google 評論 500+；評分 4.8+；非素食專門店,2026-08-18,Google Maps 使用者回報區間；未含酒水，海鮮或特殊食材或按重量／時價
Nhà An - Vietnamese local food restaurant and vegan,"101 Hồ Nghinh, An Hải, Đà Nẵng, Vietnam",🇻🇳 越南菜,4.8,3462,供應越南本地菜及純素選項的混合餐廳，並非素食專門店。,"₫100,000–200,000",約 HK$30–60,豬肉米紙卷、素河粉、Bánh xèo,https://www.google.com/maps/search/?api=1&query=Nh%C3%A0+An+-+Vietnamese+local+food+restaurant+and+vegan+Da+Nang,非 Michelin；Google 評論 500+；評分 4.8+；非素食專門店,2026-08-18,Google Maps 使用者回報區間；未含酒水，海鮮或特殊食材或按重量／時價
EMO'S HOMECOOKED VIETNAMESE CUISINE,"16 Đường Mỹ Khê 4, An Hải, Đà Nẵng, Vietnam",🇻🇳 越南菜,4.8,3200,以家常風味為主的越南菜餐廳，菜式親切、環境休閒。,"₫100,000–200,000",約 HK$30–60,EMO 招牌飯、焦糖豬腩、鮮春卷,https://www.google.com/maps/search/?api=1&query=EMO%27S+HOMECOOKED+VIETNAMESE+CUISINE+Da+Nang,非 Michelin；Google 評論 500+；評分 4.8+；非素食專門店,2026-08-18,Google Maps 使用者回報區間；未含酒水，海鮮或特殊食材或按重量／時價
BHOJAN INDIAN RESTAURANT,"20-22 Lê Quang Đạo, Ngũ Hành Sơn, Đà Nẵng, Vietnam",🇮🇳 印度菜,4.8,2796,美溪一帶的印度餐廳，菜單涵蓋北印度咖喱及烤爐菜。,"₫100,000–300,000",約 HK$30–90,Biryani、Tandoori Chicken、Butter Chicken,https://www.google.com/maps/search/?api=1&query=BHOJAN+INDIAN+RESTAURANT+Da+Nang,非 Michelin；Google 評論 500+；評分 4.8+；非素食專門店,2026-08-18,Google Maps 使用者回報區間；未含酒水，海鮮或特殊食材或按重量／時價
Butcher Steak,"64 Lê Quang Đạo, Ngũ Hành Sơn, Đà Nẵng, Vietnam",🥩 牛扒／扒房,4.8,2632,專門牛扒及燒烤肉類的休閒扒房，適合肉食愛好者。,Google Maps 未提供公開人均區間,Google Maps 未提供公開人均區間,牛扒、烤肉拼盤、配菜,https://www.google.com/maps/search/?api=1&query=Butcher+Steak+Da+Nang,非 Michelin；Google 評論 500+；評分 4.8+；非素食專門店,2026-08-18,未自行估價；請查看餐廳最新菜單
Bếp Lụa Vietnamese Restaurant,"94 Bạch Đằng, Hải Châu, Đà Nẵng, Vietnam",🇻🇳 越南菜,4.8,2264,白藤街上的平價越南餐廳，供應家常菜及常見越南主食。,"₫100,000 以下",約 HK$30 以下,河粉、春卷、炒飯,https://www.google.com/maps/search/?api=1&query=B%E1%BA%BFp+L%E1%BB%A5a+Vietnamese+Restaurant+Da+Nang,非 Michelin；Google 評論 500+；評分 4.8+；非素食專門店,2026-08-18,Google Maps 使用者回報區間；未含酒水，海鮮或特殊食材或按重量／時價
Nazaare - Indian Beach Restaurant and Bar,"Lô 02 Võ Nguyên Giáp, Sơn Trà, Đà Nẵng, Vietnam",🇮🇳 印度菜,4.8,2021,海濱印度餐廳及酒吧，景觀和用餐氣氛較突出。,"₫200,000–800,000",約 HK$60–239,Tandoori、Biryani、印度咖喱、調酒,https://www.google.com/maps/search/?api=1&query=Nazaare+-+Indian+Beach+Restaurant+and+Bar+Da+Nang,非 Michelin；Google 評論 500+；評分 4.8+；非素食專門店,2026-08-18,Google Maps 使用者回報區間；未含酒水，海鮮或特殊食材或按重量／時價
Rainbowl Poke,"97 Mai Thúc Lân, Ngũ Hành Sơn, Đà Nẵng, Vietnam",🌺 Poke／健康碗,4.8,1679,主打夏威夷 Poke、健康碗和輕食的休閒餐廳。,"₫100,000–200,000",約 HK$30–60,Spicy Cay Cay Poke、Smoothie Bowl、Sushi Taco,https://www.google.com/maps/search/?api=1&query=Rainbowl+Poke+Da+Nang,非 Michelin；Google 評論 500+；評分 4.8+；非素食專門店,2026-08-18,Google Maps 使用者回報區間；未含酒水，海鮮或特殊食材或按重量／時價
Nhà hàng Mr.Anh,"340 Ông Ích Khiêm, Thanh Khê, Đà Nẵng, Vietnam",🇻🇳 越南菜,4.8,1529,帶中部越南風格的本地餐廳，距離遊客區較遠，適合配合市區行程。,"₫100,000–200,000",約 HK$30–60,烤肉米線配 Nem lụi、蒜炒通菜,https://www.google.com/maps/search/?api=1&query=Nh%C3%A0+h%C3%A0ng+Mr.Anh+Da+Nang,非 Michelin；Google 評論 500+；評分 4.8+；非素食專門店,2026-08-18,Google Maps 使用者回報區間；未含酒水，海鮮或特殊食材或按重量／時價
MiRi Hôm Vietnamese Cuisine,"199 Nguyễn Văn Thoại, Ngũ Hành Sơn, Đà Nẵng, Vietnam",🇻🇳 越南菜,4.8,1320,近美溪海灘的較精緻越南餐廳，環境安靜，適合晚餐。,"₫200,000–600,000",約 HK$60–179,越式海鮮、春卷、越南家常主菜,https://www.google.com/maps/search/?api=1&query=MiRi+H%C3%B4m+Vietnamese+Cuisine+Da+Nang,非 Michelin；Google 評論 500+；評分 4.8+；非素食專門店,2026-08-18,Google Maps 使用者回報區間；未含酒水，海鮮或特殊食材或按重量／時價
MANVAR Rasoi Indian Restaurant,"37 Chế Lan Viên, Ngũ Hành Sơn, Đà Nẵng, Vietnam",🇮🇳 印度菜,4.8,1083,印度菜餐廳，菜式由街頭小食、咖喱到烤爐菜均有。,"₫100,000–200,000",約 HK$30–60,Chilli Gobi、Chicken Tikka、Biryani、Gulab Jamun,https://www.google.com/maps/search/?api=1&query=MANVAR+Rasoi+Indian+Restaurant+Da+Nang,非 Michelin；Google 評論 500+；評分 4.8+；非素食專門店,2026-08-18,Google Maps 使用者回報區間；未含酒水，海鮮或特殊食材或按重量／時價
Sky View Restaurant,"216 Võ Nguyên Giáp, Sơn Trà, Đà Nẵng, Vietnam",🌇 Rooftop／景觀餐廳,4.8,917,海景酒店高層餐廳，賣點是景觀及較正式的西式用餐體驗。,Google Maps 未提供公開人均區間,Google Maps 未提供公開人均區間,牛扒、烤海鮮、景觀調酒,https://www.google.com/maps/search/?api=1&query=Sky+View+Restaurant+Da+Nang,非 Michelin；Google 評論 500+；評分 4.8+；非素食專門店,2026-08-18,未自行估價；請查看餐廳最新菜單
Vị Brewhouse,"37 Quang Trung, Hải Châu, Đà Nẵng, Vietnam",🍺 精釀啤酒,4.8,627,本地精釀啤酒餐廳，適合配越南小食或晚間聚會。,"₫100,000–200,000",約 HK$30–60,店釀啤酒、啤酒試飲組合、越南小食,https://www.google.com/maps/search/?api=1&query=V%E1%BB%8B+Brewhouse+Da+Nang,非 Michelin；Google 評論 500+；評分 4.8+；非素食專門店,2026-08-18,Google Maps 使用者回報區間；未含酒水，海鮮或特殊食材或按重量／時價
DOM Bistro,"3 Phan Bội Châu, Hải Châu, Đà Nẵng, Vietnam",🥩 牛扒／扒房,4.8,623,市中心牛扒與葡萄酒餐廳，氣氛較適合約會或正式晚餐。,Google Maps 未提供公開人均區間,Google Maps 未提供公開人均區間,T-Bone、Rib-eye、Tomahawk、Wine Pairing,https://www.google.com/maps/search/?api=1&query=DOM+Bistro+Da+Nang,非 Michelin；Google 評論 500+；評分 4.8+；非素食專門店,2026-08-18,未自行估價；請查看餐廳最新菜單
